{
  "@context": "http://schemas.frictionlessdata.io/fiscal-data-package.jsonld",
  "bytes": 42975316,
  "count_of_rows": 116595,
  "hash": "e63107fd0de8bf0be45266964b14cfe6",
  "model": {
    "dimensions": {
      "activity": {
        "attributes": {
          "activity1_code": {
            "source": "activity1_code",
            "title": "Nac. prog. (P1)"
          },
          "activity1_label": {
            "labelfor": "activity1_code",
            "source": "activity1_label",
            "title": "activity1_label"
          },
          "activity2_code": {
            "parent": "activity1_code",
            "source": "activity2_code",
            "title": "Program (P2)"
          },
          "activity2_label": {
            "labelfor": "activity2_code",
            "source": "activity2_label",
            "title": "activity2_label"
          },
          "activity3_code": {
            "parent": "activity2_code",
            "source": "activity3_code",
            "title": "Korisnik proračuna"
          },
          "activity3_label": {
            "labelfor": "activity3_code",
            "source": "activity3_label",
            "title": "activity3_label"
          }
        },
        "dimensionType": "activity",
        "primaryKey": [
          "activity1_code",
          "activity2_code",
          "activity3_code"
        ]
      },
      "administrative-classification": {
        "attributes": {
          "admin1_code": {
            "source": "admin1_code",
            "title": "Razdjel (O1) - Tekući proračun"
          },
          "admin1_label": {
            "labelfor": "admin1_code",
            "source": "admin1_label",
            "title": "admin1_label"
          },
          "admin2_code": {
            "parent": "admin1_code",
            "source": "admin2_code",
            "title": "admin2_code"
          },
          "admin2_label": {
            "labelfor": "admin2_code",
            "source": "admin2_label",
            "title": "admin2_label"
          }
        },
        "classificationType": "administrative",
        "dimensionType": "classification",
        "primaryKey": [
          "admin1_code",
          "admin2_code"
        ]
      },
      "date": {
        "attributes": {
          "Year": {
            "source": "Year",
            "title": "Year"
          }
        },
        "dimensionType": "datetime",
        "primaryKey": [
          "Year"
        ]
      },
      "economic-classification": {
        "attributes": {
          "econ1_code": {
            "source": "econ1_code",
            "title": "Razred stavke (E1)"
          },
          "econ1_label": {
            "labelfor": "econ1_code",
            "source": "econ1_label",
            "title": "econ1_label"
          },
          "econ2_code": {
            "parent": "econ1_code",
            "source": "econ2_code",
            "title": "Skupina stavke (E2)"
          },
          "econ2_label": {
            "labelfor": "econ2_code",
            "source": "econ2_label",
            "title": "econ2_label"
          },
          "econ3_code": {
            "parent": "econ2_code",
            "source": "econ3_code",
            "title": "Podskup. stavke (E3)"
          },
          "econ3_label": {
            "labelfor": "econ3_code",
            "source": "econ3_label",
            "title": "econ3_label"
          }
        },
        "classificationType": "economic",
        "dimensionType": "classification",
        "primaryKey": [
          "econ1_code",
          "econ2_code",
          "econ3_code"
        ]
      },
      "fin-source": {
        "attributes": {
          "fin_source_code": {
            "source": "fin_source_code",
            "title": "Izvor financiranja (I2)"
          },
          "fin_source_label": {
            "labelfor": "fin_source_code",
            "source": "fin_source_label",
            "title": "fin_source_label"
          }
        },
        "dimensionType": "other",
        "primaryKey": [
          "fin_source_code"
        ]
      },
      "functional-classification": {
        "attributes": {
          "func1_code": {
            "source": "func1_code",
            "title": "Funk. podr."
          },
          "func1_label": {
            "labelfor": "func1_code",
            "source": "func1_label",
            "title": "func1_label"
          }
        },
        "classificationType": "functional",
        "dimensionType": "classification",
        "primaryKey": [
          "func1_code"
        ]
      }
    },
    "measures": {
      "value": {
        "currency": "HRK",
        "source": "value",
        "title": "value"
      }
    }
  },
  "name": "croatia-budget-plan-2018-2020",
  "profile": "data-package",
  "profiles": {
    "fiscal": "*",
    "tabular": "*"
  },
  "resources": [
    {
      "bytes": 32231049,
      "count_of_rows": 87444,
      "dialect": {
        "delimiter": ",",
        "doubleQuote": true,
        "lineTerminator": "\r\n",
        "quoteChar": "\"",
        "skipInitialSpace": false
      },
      "dpp:streamedFrom": "/app/source-specs/my-source/europe/croatia/2018-2019/final/data/croatia-budget-plan-2018-2020.csv",
      "encoding": "utf-8",
      "format": "csv",
      "hash": "ba75aefbbd81d04b5c9063c09ad6d72d",
      "mediatype": "text/csv",
      "name": "croatia-budget-plan-2018-2020",
      "path": "data/croatia-budget-plan-2018-2020.csv",
      "profile": "data-resource",
      "schema": {
        "fields": [
          {
            "columnType": "administrative-classification:generic:level1:code",
            "conceptType": "administrative-classification",
            "format": "default",
            "name": "admin1_code",
            "slug": "admin1_code",
            "title": "Razdjel (O1) - Tekući proračun",
            "type": "string"
          },
          {
            "columnType": "administrative-classification:generic:level1:label",
            "conceptType": "administrative-classification",
            "format": "default",
            "name": "admin1_label",
            "slug": "admin1_label",
            "title": "admin1_label",
            "type": "string"
          },
          {
            "columnType": "administrative-classification:generic:level2:code",
            "conceptType": "administrative-classification",
            "format": "default",
            "name": "admin2_code",
            "slug": "admin2_code",
            "title": "admin2_code",
            "type": "string"
          },
          {
            "columnType": "administrative-classification:generic:level2:label",
            "conceptType": "administrative-classification",
            "format": "default",
            "name": "admin2_label",
            "slug": "admin2_label",
            "title": "admin2_label",
            "type": "string"
          },
          {
            "columnType": "activity:generic:program:code",
            "conceptType": "activity",
            "format": "default",
            "name": "activity1_code",
            "slug": "activity1_code",
            "title": "Nac. prog. (P1)",
            "type": "string"
          },
          {
            "columnType": "activity:generic:program:label",
            "conceptType": "activity",
            "format": "default",
            "name": "activity1_label",
            "slug": "activity1_label",
            "title": "activity1_label",
            "type": "string"
          },
          {
            "columnType": "activity:generic:subprogram:code",
            "conceptType": "activity",
            "format": "default",
            "name": "activity2_code",
            "slug": "activity2_code",
            "title": "Program (P2)",
            "type": "string"
          },
          {
            "columnType": "activity:generic:subprogram:label",
            "conceptType": "activity",
            "format": "default",
            "name": "activity2_label",
            "slug": "activity2_label",
            "title": "activity2_label",
            "type": "string"
          },
          {
            "columnType": "activity:generic:project:code",
            "conceptType": "activity",
            "format": "default",
            "name": "activity3_code",
            "slug": "activity3_code",
            "title": "Korisnik proračuna",
            "type": "string"
          },
          {
            "columnType": "activity:generic:project:label",
            "conceptType": "activity",
            "format": "default",
            "name": "activity3_label",
            "slug": "activity3_label",
            "title": "activity3_label",
            "type": "string"
          },
          {
            "columnType": "functional-classification:generic:level1:code",
            "conceptType": "functional-classification",
            "format": "default",
            "name": "func1_code",
            "slug": "func1_code",
            "title": "Funk. podr.",
            "type": "string"
          },
          {
            "columnType": "functional-classification:generic:level1:label",
            "conceptType": "functional-classification",
            "format": "default",
            "name": "func1_label",
            "slug": "func1_label",
            "title": "func1_label",
            "type": "string"
          },
          {
            "columnType": "fin-source:generic:level1:code",
            "conceptType": "fin-source",
            "format": "default",
            "name": "fin_source_code",
            "slug": "fin_source_code",
            "title": "Izvor financiranja (I2)",
            "type": "string"
          },
          {
            "columnType": "fin-source:generic:level1:label",
            "conceptType": "fin-source",
            "format": "default",
            "name": "fin_source_label",
            "slug": "fin_source_label",
            "title": "fin_source_label",
            "type": "string"
          },
          {
            "columnType": "economic-classification:generic:level1:code",
            "conceptType": "economic-classification",
            "format": "default",
            "name": "econ1_code",
            "slug": "econ1_code",
            "title": "Razred stavke (E1)",
            "type": "string"
          },
          {
            "columnType": "economic-classification:generic:level1:label",
            "conceptType": "economic-classification",
            "format": "default",
            "name": "econ1_label",
            "slug": "econ1_label",
            "title": "econ1_label",
            "type": "string"
          },
          {
            "columnType": "economic-classification:generic:level2:code",
            "conceptType": "economic-classification",
            "format": "default",
            "name": "econ2_code",
            "slug": "econ2_code",
            "title": "Skupina stavke (E2)",
            "type": "string"
          },
          {
            "columnType": "economic-classification:generic:level2:label",
            "conceptType": "economic-classification",
            "format": "default",
            "name": "econ2_label",
            "slug": "econ2_label",
            "title": "econ2_label",
            "type": "string"
          },
          {
            "columnType": "economic-classification:generic:level3:code",
            "conceptType": "economic-classification",
            "format": "default",
            "name": "econ3_code",
            "slug": "econ3_code",
            "title": "Podskup. stavke (E3)",
            "type": "string"
          },
          {
            "columnType": "economic-classification:generic:level3:label",
            "conceptType": "economic-classification",
            "format": "default",
            "name": "econ3_label",
            "slug": "econ3_label",
            "title": "econ3_label",
            "type": "string"
          },
          {
            "columnType": "date:fiscal-year",
            "conceptType": "date",
            "format": "default",
            "name": "Year",
            "slug": "Year",
            "title": "Year",
            "type": "integer"
          },
          {
            "columnType": "value",
            "conceptType": "value",
            "decimalChar": ".",
            "format": "default",
            "groupChar": "",
            "name": "value",
            "slug": "value",
            "title": "value",
            "type": "number"
          }
        ],
        "primaryKey": [
          "admin1_code",
          "admin2_code",
          "activity1_code",
          "activity2_code",
          "activity3_code",
          "func1_code",
          "fin_source_code",
          "econ1_code",
          "econ2_code",
          "econ3_code",
          "Year"
        ]
      }
    },
    {
      "bytes": 14328061,
      "count_of_rows": 38864,
      "dialect": {
        "delimiter": ",",
        "doubleQuote": true,
        "lineTerminator": "\r\n",
        "quoteChar": "\"",
        "skipInitialSpace": false
      },
      "dpp:streamedFrom": "/app/source-specs/my-source/europe/croatia/2018-2019/final/data/croatia-budget-plan-2018-2020__2018.csv",
      "encoding": "utf-8",
      "format": "csv",
      "hash": "f4a30b01ebdf8d62926d36d462165291",
      "mediatype": "text/csv",
      "name": "croatia-budget-plan-2018-2020__2018",
      "path": "data/croatia-budget-plan-2018-2020__2018.csv",
      "profile": "data-resource",
      "schema": {
        "fields": [
          {
            "columnType": "administrative-classification:generic:level1:code",
            "conceptType": "administrative-classification",
            "format": "default",
            "name": "admin1_code",
            "slug": "admin1_code",
            "title": "Razdjel (O1) - Tekući proračun",
            "type": "string"
          },
          {
            "columnType": "administrative-classification:generic:level1:label",
            "conceptType": "administrative-classification",
            "format": "default",
            "name": "admin1_label",
            "slug": "admin1_label",
            "title": "admin1_label",
            "type": "string"
          },
          {
            "columnType": "administrative-classification:generic:level2:code",
            "conceptType": "administrative-classification",
            "format": "default",
            "name": "admin2_code",
            "slug": "admin2_code",
            "title": "admin2_code",
            "type": "string"
          },
          {
            "columnType": "administrative-classification:generic:level2:label",
            "conceptType": "administrative-classification",
            "format": "default",
            "name": "admin2_label",
            "slug": "admin2_label",
            "title": "admin2_label",
            "type": "string"
          },
          {
            "columnType": "activity:generic:program:code",
            "conceptType": "activity",
            "format": "default",
            "name": "activity1_code",
            "slug": "activity1_code",
            "title": "Nac. prog. (P1)",
            "type": "string"
          },
          {
            "columnType": "activity:generic:program:label",
            "conceptType": "activity",
            "format": "default",
            "name": "activity1_label",
            "slug": "activity1_label",
            "title": "activity1_label",
            "type": "string"
          },
          {
            "columnType": "activity:generic:subprogram:code",
            "conceptType": "activity",
            "format": "default",
            "name": "activity2_code",
            "slug": "activity2_code",
            "title": "Program (P2)",
            "type": "string"
          },
          {
            "columnType": "activity:generic:subprogram:label",
            "conceptType": "activity",
            "format": "default",
            "name": "activity2_label",
            "slug": "activity2_label",
            "title": "activity2_label",
            "type": "string"
          },
          {
            "columnType": "activity:generic:project:code",
            "conceptType": "activity",
            "format": "default",
            "name": "activity3_code",
            "slug": "activity3_code",
            "title": "Korisnik proračuna",
            "type": "string"
          },
          {
            "columnType": "activity:generic:project:label",
            "conceptType": "activity",
            "format": "default",
            "name": "activity3_label",
            "slug": "activity3_label",
            "title": "activity3_label",
            "type": "string"
          },
          {
            "columnType": "functional-classification:generic:level1:code",
            "conceptType": "functional-classification",
            "format": "default",
            "name": "func1_code",
            "slug": "func1_code",
            "title": "Funk. podr.",
            "type": "string"
          },
          {
            "columnType": "functional-classification:generic:level1:label",
            "conceptType": "functional-classification",
            "format": "default",
            "name": "func1_label",
            "slug": "func1_label",
            "title": "func1_label",
            "type": "string"
          },
          {
            "columnType": "fin-source:generic:level1:code",
            "conceptType": "fin-source",
            "format": "default",
            "name": "fin_source_code",
            "slug": "fin_source_code",
            "title": "Izvor financiranja (I2)",
            "type": "string"
          },
          {
            "columnType": "fin-source:generic:level1:label",
            "conceptType": "fin-source",
            "format": "default",
            "name": "fin_source_label",
            "slug": "fin_source_label",
            "title": "fin_source_label",
            "type": "string"
          },
          {
            "columnType": "economic-classification:generic:level1:code",
            "conceptType": "economic-classification",
            "format": "default",
            "name": "econ1_code",
            "slug": "econ1_code",
            "title": "Razred stavke (E1)",
            "type": "string"
          },
          {
            "columnType": "economic-classification:generic:level1:label",
            "conceptType": "economic-classification",
            "format": "default",
            "name": "econ1_label",
            "slug": "econ1_label",
            "title": "econ1_label",
            "type": "string"
          },
          {
            "columnType": "economic-classification:generic:level2:code",
            "conceptType": "economic-classification",
            "format": "default",
            "name": "econ2_code",
            "slug": "econ2_code",
            "title": "Skupina stavke (E2)",
            "type": "string"
          },
          {
            "columnType": "economic-classification:generic:level2:label",
            "conceptType": "economic-classification",
            "format": "default",
            "name": "econ2_label",
            "slug": "econ2_label",
            "title": "econ2_label",
            "type": "string"
          },
          {
            "columnType": "economic-classification:generic:level3:code",
            "conceptType": "economic-classification",
            "format": "default",
            "name": "econ3_code",
            "slug": "econ3_code",
            "title": "Podskup. stavke (E3)",
            "type": "string"
          },
          {
            "columnType": "economic-classification:generic:level3:label",
            "conceptType": "economic-classification",
            "format": "default",
            "name": "econ3_label",
            "slug": "econ3_label",
            "title": "econ3_label",
            "type": "string"
          },
          {
            "columnType": "date:fiscal-year",
            "conceptType": "date",
            "format": "default",
            "name": "Year",
            "slug": "Year",
            "title": "Year",
            "type": "integer"
          },
          {
            "columnType": "value",
            "conceptType": "value",
            "decimalChar": ".",
            "format": "default",
            "groupChar": "",
            "name": "value",
            "slug": "value",
            "title": "value",
            "type": "number"
          }
        ],
        "primaryKey": [
          "admin1_code",
          "admin2_code",
          "activity1_code",
          "activity2_code",
          "activity3_code",
          "func1_code",
          "fin_source_code",
          "econ1_code",
          "econ2_code",
          "econ3_code",
          "Year"
        ]
      }
    },
    {
      "bytes": 14324467,
      "count_of_rows": 38864,
      "dialect": {
        "delimiter": ",",
        "doubleQuote": true,
        "lineTerminator": "\r\n",
        "quoteChar": "\"",
        "skipInitialSpace": false
      },
      "dpp:streamedFrom": "/app/source-specs/my-source/europe/croatia/2018-2019/final/data/croatia-budget-plan-2018-2020__2019.csv",
      "encoding": "utf-8",
      "format": "csv",
      "hash": "36af7b96ad67a7ffb326446829d535d2",
      "mediatype": "text/csv",
      "name": "croatia-budget-plan-2018-2020__2019",
      "path": "data/croatia-budget-plan-2018-2020__2019.csv",
      "profile": "data-resource",
      "schema": {
        "fields": [
          {
            "columnType": "administrative-classification:generic:level1:code",
            "conceptType": "administrative-classification",
            "format": "default",
            "name": "admin1_code",
            "slug": "admin1_code",
            "title": "Razdjel (O1) - Tekući proračun",
            "type": "string"
          },
          {
            "columnType": "administrative-classification:generic:level1:label",
            "conceptType": "administrative-classification",
            "format": "default",
            "name": "admin1_label",
            "slug": "admin1_label",
            "title": "admin1_label",
            "type": "string"
          },
          {
            "columnType": "administrative-classification:generic:level2:code",
            "conceptType": "administrative-classification",
            "format": "default",
            "name": "admin2_code",
            "slug": "admin2_code",
            "title": "admin2_code",
            "type": "string"
          },
          {
            "columnType": "administrative-classification:generic:level2:label",
            "conceptType": "administrative-classification",
            "format": "default",
            "name": "admin2_label",
            "slug": "admin2_label",
            "title": "admin2_label",
            "type": "string"
          },
          {
            "columnType": "activity:generic:program:code",
            "conceptType": "activity",
            "format": "default",
            "name": "activity1_code",
            "slug": "activity1_code",
            "title": "Nac. prog. (P1)",
            "type": "string"
          },
          {
            "columnType": "activity:generic:program:label",
            "conceptType": "activity",
            "format": "default",
            "name": "activity1_label",
            "slug": "activity1_label",
            "title": "activity1_label",
            "type": "string"
          },
          {
            "columnType": "activity:generic:subprogram:code",
            "conceptType": "activity",
            "format": "default",
            "name": "activity2_code",
            "slug": "activity2_code",
            "title": "Program (P2)",
            "type": "string"
          },
          {
            "columnType": "activity:generic:subprogram:label",
            "conceptType": "activity",
            "format": "default",
            "name": "activity2_label",
            "slug": "activity2_label",
            "title": "activity2_label",
            "type": "string"
          },
          {
            "columnType": "activity:generic:project:code",
            "conceptType": "activity",
            "format": "default",
            "name": "activity3_code",
            "slug": "activity3_code",
            "title": "Korisnik proračuna",
            "type": "string"
          },
          {
            "columnType": "activity:generic:project:label",
            "conceptType": "activity",
            "format": "default",
            "name": "activity3_label",
            "slug": "activity3_label",
            "title": "activity3_label",
            "type": "string"
          },
          {
            "columnType": "functional-classification:generic:level1:code",
            "conceptType": "functional-classification",
            "format": "default",
            "name": "func1_code",
            "slug": "func1_code",
            "title": "Funk. podr.",
            "type": "string"
          },
          {
            "columnType": "functional-classification:generic:level1:label",
            "conceptType": "functional-classification",
            "format": "default",
            "name": "func1_label",
            "slug": "func1_label",
            "title": "func1_label",
            "type": "string"
          },
          {
            "columnType": "fin-source:generic:level1:code",
            "conceptType": "fin-source",
            "format": "default",
            "name": "fin_source_code",
            "slug": "fin_source_code",
            "title": "Izvor financiranja (I2)",
            "type": "string"
          },
          {
            "columnType": "fin-source:generic:level1:label",
            "conceptType": "fin-source",
            "format": "default",
            "name": "fin_source_label",
            "slug": "fin_source_label",
            "title": "fin_source_label",
            "type": "string"
          },
          {
            "columnType": "economic-classification:generic:level1:code",
            "conceptType": "economic-classification",
            "format": "default",
            "name": "econ1_code",
            "slug": "econ1_code",
            "title": "Razred stavke (E1)",
            "type": "string"
          },
          {
            "columnType": "economic-classification:generic:level1:label",
            "conceptType": "economic-classification",
            "format": "default",
            "name": "econ1_label",
            "slug": "econ1_label",
            "title": "econ1_label",
            "type": "string"
          },
          {
            "columnType": "economic-classification:generic:level2:code",
            "conceptType": "economic-classification",
            "format": "default",
            "name": "econ2_code",
            "slug": "econ2_code",
            "title": "Skupina stavke (E2)",
            "type": "string"
          },
          {
            "columnType": "economic-classification:generic:level2:label",
            "conceptType": "economic-classification",
            "format": "default",
            "name": "econ2_label",
            "slug": "econ2_label",
            "title": "econ2_label",
            "type": "string"
          },
          {
            "columnType": "economic-classification:generic:level3:code",
            "conceptType": "economic-classification",
            "format": "default",
            "name": "econ3_code",
            "slug": "econ3_code",
            "title": "Podskup. stavke (E3)",
            "type": "string"
          },
          {
            "columnType": "economic-classification:generic:level3:label",
            "conceptType": "economic-classification",
            "format": "default",
            "name": "econ3_label",
            "slug": "econ3_label",
            "title": "econ3_label",
            "type": "string"
          },
          {
            "columnType": "date:fiscal-year",
            "conceptType": "date",
            "format": "default",
            "name": "Year",
            "slug": "Year",
            "title": "Year",
            "type": "integer"
          },
          {
            "columnType": "value",
            "conceptType": "value",
            "decimalChar": ".",
            "format": "default",
            "groupChar": "",
            "name": "value",
            "slug": "value",
            "title": "value",
            "type": "number"
          }
        ],
        "primaryKey": [
          "admin1_code",
          "admin2_code",
          "activity1_code",
          "activity2_code",
          "activity3_code",
          "func1_code",
          "fin_source_code",
          "econ1_code",
          "econ2_code",
          "econ3_code",
          "Year"
        ]
      }
    },
    {
      "bytes": 14322764,
      "count_of_rows": 38864,
      "dialect": {
        "delimiter": ",",
        "doubleQuote": true,
        "lineTerminator": "\r\n",
        "quoteChar": "\"",
        "skipInitialSpace": false
      },
      "dpp:streamedFrom": "/app/source-specs/my-source/europe/croatia/2018-2019/final/data/croatia-budget-plan-2018-2020__2020.csv",
      "encoding": "utf-8",
      "format": "csv",
      "hash": "cf317202a2d59b9cf57103e6ff10655d",
      "mediatype": "text/csv",
      "name": "croatia-budget-plan-2018-2020__2020",
      "path": "data/croatia-budget-plan-2018-2020__2020.csv",
      "profile": "data-resource",
      "schema": {
        "fields": [
          {
            "columnType": "administrative-classification:generic:level1:code",
            "conceptType": "administrative-classification",
            "format": "default",
            "name": "admin1_code",
            "slug": "admin1_code",
            "title": "Razdjel (O1) - Tekući proračun",
            "type": "string"
          },
          {
            "columnType": "administrative-classification:generic:level1:label",
            "conceptType": "administrative-classification",
            "format": "default",
            "name": "admin1_label",
            "slug": "admin1_label",
            "title": "admin1_label",
            "type": "string"
          },
          {
            "columnType": "administrative-classification:generic:level2:code",
            "conceptType": "administrative-classification",
            "format": "default",
            "name": "admin2_code",
            "slug": "admin2_code",
            "title": "admin2_code",
            "type": "string"
          },
          {
            "columnType": "administrative-classification:generic:level2:label",
            "conceptType": "administrative-classification",
            "format": "default",
            "name": "admin2_label",
            "slug": "admin2_label",
            "title": "admin2_label",
            "type": "string"
          },
          {
            "columnType": "activity:generic:program:code",
            "conceptType": "activity",
            "format": "default",
            "name": "activity1_code",
            "slug": "activity1_code",
            "title": "Nac. prog. (P1)",
            "type": "string"
          },
          {
            "columnType": "activity:generic:program:label",
            "conceptType": "activity",
            "format": "default",
            "name": "activity1_label",
            "slug": "activity1_label",
            "title": "activity1_label",
            "type": "string"
          },
          {
            "columnType": "activity:generic:subprogram:code",
            "conceptType": "activity",
            "format": "default",
            "name": "activity2_code",
            "slug": "activity2_code",
            "title": "Program (P2)",
            "type": "string"
          },
          {
            "columnType": "activity:generic:subprogram:label",
            "conceptType": "activity",
            "format": "default",
            "name": "activity2_label",
            "slug": "activity2_label",
            "title": "activity2_label",
            "type": "string"
          },
          {
            "columnType": "activity:generic:project:code",
            "conceptType": "activity",
            "format": "default",
            "name": "activity3_code",
            "slug": "activity3_code",
            "title": "Korisnik proračuna",
            "type": "string"
          },
          {
            "columnType": "activity:generic:project:label",
            "conceptType": "activity",
            "format": "default",
            "name": "activity3_label",
            "slug": "activity3_label",
            "title": "activity3_label",
            "type": "string"
          },
          {
            "columnType": "functional-classification:generic:level1:code",
            "conceptType": "functional-classification",
            "format": "default",
            "name": "func1_code",
            "slug": "func1_code",
            "title": "Funk. podr.",
            "type": "string"
          },
          {
            "columnType": "functional-classification:generic:level1:label",
            "conceptType": "functional-classification",
            "format": "default",
            "name": "func1_label",
            "slug": "func1_label",
            "title": "func1_label",
            "type": "string"
          },
          {
            "columnType": "fin-source:generic:level1:code",
            "conceptType": "fin-source",
            "format": "default",
            "name": "fin_source_code",
            "slug": "fin_source_code",
            "title": "Izvor financiranja (I2)",
            "type": "string"
          },
          {
            "columnType": "fin-source:generic:level1:label",
            "conceptType": "fin-source",
            "format": "default",
            "name": "fin_source_label",
            "slug": "fin_source_label",
            "title": "fin_source_label",
            "type": "string"
          },
          {
            "columnType": "economic-classification:generic:level1:code",
            "conceptType": "economic-classification",
            "format": "default",
            "name": "econ1_code",
            "slug": "econ1_code",
            "title": "Razred stavke (E1)",
            "type": "string"
          },
          {
            "columnType": "economic-classification:generic:level1:label",
            "conceptType": "economic-classification",
            "format": "default",
            "name": "econ1_label",
            "slug": "econ1_label",
            "title": "econ1_label",
            "type": "string"
          },
          {
            "columnType": "economic-classification:generic:level2:code",
            "conceptType": "economic-classification",
            "format": "default",
            "name": "econ2_code",
            "slug": "econ2_code",
            "title": "Skupina stavke (E2)",
            "type": "string"
          },
          {
            "columnType": "economic-classification:generic:level2:label",
            "conceptType": "economic-classification",
            "format": "default",
            "name": "econ2_label",
            "slug": "econ2_label",
            "title": "econ2_label",
            "type": "string"
          },
          {
            "columnType": "economic-classification:generic:level3:code",
            "conceptType": "economic-classification",
            "format": "default",
            "name": "econ3_code",
            "slug": "econ3_code",
            "title": "Podskup. stavke (E3)",
            "type": "string"
          },
          {
            "columnType": "economic-classification:generic:level3:label",
            "conceptType": "economic-classification",
            "format": "default",
            "name": "econ3_label",
            "slug": "econ3_label",
            "title": "econ3_label",
            "type": "string"
          },
          {
            "columnType": "date:fiscal-year",
            "conceptType": "date",
            "format": "default",
            "name": "Year",
            "slug": "Year",
            "title": "Year",
            "type": "integer"
          },
          {
            "columnType": "value",
            "conceptType": "value",
            "decimalChar": ".",
            "format": "default",
            "groupChar": "",
            "name": "value",
            "slug": "value",
            "title": "value",
            "type": "number"
          }
        ],
        "primaryKey": [
          "admin1_code",
          "admin2_code",
          "activity1_code",
          "activity2_code",
          "activity3_code",
          "func1_code",
          "fin_source_code",
          "econ1_code",
          "econ2_code",
          "econ3_code",
          "Year"
        ]
      }
    }
  ],
  "revision": 2,
  "title": "Croatia Budget Plan 2018-2020"
}